diver_id;sex;experience;camera;samp_timing_min;damage;contact;total
1;male;NA;no;10;NA;NA;2
2;male;NA;no;10;NA;NA;5
3;male;NA;no;10;NA;NA;2
4;male;NA;no;10;NA;NA;8
5;female;NA;no;10;NA;NA;12
6;male;NA;no;10;NA;NA;11
7;male;NA;no;10;NA;NA;3
8;male;NA;no;10;NA;NA;12
9;male;NA;no;10;NA;NA;10
10;male;NA;no;10;NA;NA;18
11;male;NA;no;10;NA;NA;2
12;female;NA;no;10;NA;NA;3
13;male;NA;no;10;NA;NA;10
14;male;NA;no;10;NA;NA;15
15;male;NA;no;10;NA;NA;7
16;male;NA;no;10;NA;NA;10
17;male;NA;no;10;NA;NA;23
18;male;NA;no;10;NA;NA;7
19;male;NA;no;10;NA;NA;38
20;female;NA;no;10;NA;NA;58
21;male;NA;no;10;NA;NA;38
22;male;NA;yes;10;NA;NA;14
23;male;NA;yes;10;NA;NA;8
24;male;NA;yes;10;NA;NA;3
25;male;NA;no;10;NA;NA;1
26;male;NA;no;10;NA;NA;1
27;male;NA;no;10;NA;NA;14
28;male;NA;no;10;NA;NA;9
29;male;NA;no;10;NA;NA;13
30;male;NA;no;10;NA;NA;0
31;male;NA;no;10;NA;NA;0
32;male;NA;no;10;NA;NA;0
33;male;NA;no;10;NA;NA;0
34;male;NA;no;10;NA;NA;2
35;male;NA;yes;10;NA;NA;22
36;male;NA;no;10;NA;NA;4
37;male;NA;no;10;NA;NA;8
38;male;NA;no;10;NA;NA;16
39;female;NA;no;10;NA;NA;15
40;male;NA;yes;10;NA;NA;14
41;male;NA;no;10;NA;NA;1
42;female;NA;no;10;NA;NA;3
43;female;NA;no;10;NA;NA;10
44;female;NA;no;10;NA;NA;3
45;female;NA;no;10;NA;NA;1
46;male;NA;no;10;NA;NA;5
47;female;NA;no;10;NA;NA;2
48;female;NA;yes;10;NA;NA;2
49;male;NA;no;10;NA;NA;5
50;male;NA;no;10;NA;NA;4
51;male;NA;no;10;NA;NA;4
52;male;NA;no;10;NA;NA;7
53;male;NA;yes;10;NA;NA;6
54;male;NA;no;10;NA;NA;6
55;male;NA;no;10;NA;NA;12
56;male;NA;yes;10;NA;NA;11
57;male;NA;no;10;NA;NA;10
58;female;NA;no;10;NA;NA;14
59;female;NA;no;10;NA;NA;6
60;female;NA;no;10;NA;NA;5
61;male;NA;no;10;NA;NA;4
62;male;NA;no;10;NA;NA;2
63;male;NA;no;10;NA;NA;0
64;female;NA;no;10;NA;NA;5
65;male;NA;no;10;NA;NA;0
66;male;NA;no;10;NA;NA;16
67;female;NA;no;10;NA;NA;12
68;male;NA;no;10;NA;NA;19
69;male;NA;yes;10;NA;NA;7
70;male;NA;yes;10;NA;NA;10
71;male;NA;yes;10;NA;NA;11
72;male;NA;no;10;NA;NA;9
73;male;NA;no;10;NA;NA;22
74;male;NA;no;10;NA;NA;12
75;female;NA;no;10;NA;NA;10
76;male;NA;no;10;NA;NA;12
77;male;NA;no;10;NA;NA;6
78;male;NA;no;10;NA;NA;15
79;male;NA;no;10;NA;NA;8
80;male;NA;no;10;NA;NA;14
81;female;NA;no;10;NA;NA;10
82;female;NA;no;10;NA;NA;11
83;male;NA;no;10;NA;NA;7
84;female;NA;no;10;NA;NA;21
85;female;NA;no;10;NA;NA;9
86;male;NA;no;10;NA;NA;12
87;male;NA;no;10;NA;NA;16
88;male;NA;no;10;NA;NA;10
89;male;NA;no;10;NA;NA;2
90;male;NA;no;10;NA;NA;12
91;male;NA;yes;10;NA;NA;13
92;male;NA;no;10;NA;NA;30
93;male;NA;no;10;NA;NA;2
94;male;NA;no;10;NA;NA;5
95;male;NA;no;10;NA;NA;0
96;male;NA;no;10;NA;NA;15
97;female;NA;no;10;NA;NA;6
98;male;NA;no;10;NA;NA;3
99;female;NA;no;10;NA;NA;9
100;male;NA;no;10;NA;NA;15
101;female;NA;no;10;NA;NA;15
102;male;NA;no;10;NA;NA;7
103;male;NA;no;10;NA;NA;17
104;male;NA;no;10;NA;NA;3
105;male;NA;no;10;NA;NA;6
106;male;NA;no;10;NA;NA;8
107;male;NA;no;10;NA;NA;14
108;male;NA;no;10;NA;NA;10
109;male;NA;no;10;NA;NA;29
110;male;NA;no;10;NA;NA;18
111;male;NA;no;10;NA;NA;13
112;female;NA;no;10;NA;NA;3
113;male;NA;no;10;NA;NA;3
114;female;NA;no;10;NA;NA;7
115;male;NA;no;10;NA;NA;8
116;male;NA;no;10;NA;NA;7
117;male;NA;no;10;NA;NA;3
118;male;NA;no;10;NA;NA;14
119;male;NA;no;10;NA;NA;17
120;male;NA;no;10;NA;NA;16
121;male;NA;no;10;NA;NA;21
122;male;NA;no;10;NA;NA;8
123;male;NA;no;10;NA;NA;12
124;male;NA;no;10;NA;NA;22
125;male;NA;no;10;NA;NA;7
126;male;NA;no;10;NA;NA;8
127;male;NA;no;10;NA;NA;15
128;male;NA;no;10;NA;NA;22
129;male;NA;no;10;NA;NA;14
130;male;NA;no;10;NA;NA;28
131;male;NA;no;10;NA;NA;25
132;male;NA;no;10;NA;NA;25
133;male;NA;yes;10;NA;NA;26
134;male;NA;no;10;NA;NA;18
135;male;NA;yes;10;NA;NA;18
136;female;NA;no;10;NA;NA;9
137;male;NA;no;10;NA;NA;16
138;male;NA;no;10;NA;NA;15
139;female;NA;no;10;NA;NA;13
140;male;NA;yes;10;NA;NA;32
141;male;NA;no;10;NA;NA;23
142;male;NA;no;10;NA;NA;24
143;male;NA;no;10;NA;NA;10
144;female;NA;no;10;NA;NA;14
145;male;NA;no;10;NA;NA;22
146;male;NA;no;10;NA;NA;20
147;female;NA;no;10;NA;NA;16
148;male;NA;no;10;NA;NA;5
149;male;NA;no;10;NA;NA;14
150;male;NA;no;10;NA;NA;3
151;male;NA;yes;10;NA;NA;11
152;male;NA;no;10;NA;NA;3
153;male;NA;no;10;NA;NA;8
154;male;NA;no;10;NA;NA;9
155;male;NA;yes;10;NA;NA;15
156;male;NA;yes;10;NA;NA;21
157;male;NA;yes;10;NA;NA;16
158;male;NA;no;10;NA;NA;23
159;male;NA;no;10;NA;NA;18
160;male;NA;yes;10;NA;NA;2
161;male;NA;no;10;NA;NA;16
162;female;NA;no;10;NA;NA;3
163;male;NA;no;10;NA;NA;32
164;male;NA;no;10;NA;NA;21
165;male;NA;no;10;NA;NA;18
166;female;NA;no;10;NA;NA;12
167;male;NA;no;10;NA;NA;10
168;male;NA;no;10;NA;NA;17
169;male;NA;no;10;NA;NA;9
170;male;NA;yes;10;NA;NA;13
171;male;NA;no;10;NA;NA;11
172;male;NA;no;10;NA;NA;20
173;male;NA;no;10;NA;NA;38
174;male;NA;no;10;NA;NA;11
175;male;NA;no;10;NA;NA;17
176;male;NA;yes;10;NA;NA;11
177;male;NA;yes;10;NA;NA;18
178;male;NA;no;10;NA;NA;3
179;male;NA;no;10;NA;NA;5
180;male;NA;no;10;NA;NA;16
181;male;NA;no;10;NA;NA;5
182;male;NA;no;10;NA;NA;8
183;male;NA;no;10;NA;NA;2
184;male;NA;no;10;NA;NA;12
185;male;NA;yes;10;NA;NA;10
186;male;NA;yes;10;NA;NA;25
187;male;NA;no;10;NA;NA;22
188;male;NA;no;10;NA;NA;13
189;male;NA;no;10;NA;NA;38
190;male;NA;no;10;NA;NA;4
191;male;NA;yes;10;NA;NA;8
192;male;NA;yes;10;NA;NA;16
193;male;NA;no;10;NA;NA;16
194;female;NA;no;10;NA;NA;6
195;male;NA;no;10;NA;NA;0
196;male;NA;no;10;NA;NA;12
197;male;NA;no;10;NA;NA;0
198;male;NA;no;10;NA;NA;11
199;male;NA;yes;10;NA;NA;6
200;male;NA;yes;10;NA;NA;25
201;female;NA;no;10;NA;NA;16
202;male;NA;no;10;NA;NA;18
203;male;NA;no;10;NA;NA;16
204;male;NA;no;10;NA;NA;12
205;female;NA;yes;10;NA;NA;8
206;male;NA;no;10;NA;NA;8
207;male;NA;yes;10;NA;NA;6
208;male;NA;yes;10;NA;NA;13
209;male;NA;no;10;NA;NA;7
210;male;NA;no;10;NA;NA;9
211;male;NA;no;10;NA;NA;16
212;female;NA;no;10;NA;NA;17
213;male;NA;no;10;NA;NA;0
214;male;NA;no;10;NA;NA;0
215;male;NA;no;10;NA;NA;9
216;male;NA;no;10;NA;NA;6
217;male;NA;no;10;NA;NA;10
218;male;25;no;10;17;18;35
219;male;175;no;10;56;95;151
220;male;5;no;10;36;49;85
221;female;24;no;10;3;5;8
222;female;24;no;10;65;73;138
223;male;450;no;10;9;10;19
224;male;450;no;10;13;18;31
225;male;700;no;10;18;31;49
226;female;300;no;10;24;34;58
227;female;300;no;10;2;5;7
228;male;600;no;10;74;80;154
229;male;600;no;10;8;15;23
230;male;2000;no;10;0;2;2
231;male;60;no;10;19;31;50
232;male;150;no;10;169;213;382
233;female;180;no;10;42;56;98
234;female;180;no;10;127;130;257
235;female;25;no;10;26;36;62
236;female;560;no;10;28;33;61
237;female;140;no;10;39;50;89
238;male;1400;no;10;179;187;366
239;male;40;no;10;18;18;36
240;male;40;no;10;190;208;398
241;male;40;no;10;0;4;4
242;male;140;no;10;4;6;10
243;male;140;no;10;6;6;12
244;male;140;no;10;24;25;49
245;male;350;no;10;24;25;49
246;male;350;no;10;2;4;6
247;male;2900;no;10;0;10;10
248;male;1200;no;10;46;49;95
249;male;120;no;10;5;8;13
250;male;24;no;10;2;4;6
251;male;1750;no;10;17;20;37
252;male;8;no;10;23;25;48
253;male;8;no;10;38;42;80
254;female;5;no;10;0;2;2
255;female;5;no;10;0;0;0
256;female;5;no;10;45;60;105
257;female;5;no;10;14;14;28
258;female;5;no;10;63;81;144
259;male;240;no;10;118;155;273
260;female;40;no;10;12;17;29
261;male;50;no;10;2;9;11
262;male;300;no;10;8;8;16
263;male;240;no;10;195;211;406
264;male;54;no;10;95;99;194
265;male;120;no;10;24;30;54
266;male;160;no;10;0;0;0
267;male;160;no;10;3;8;11
268;male;4;no;10;12;16;28
269;female;15;no;10;2;6;8
270;male;80;yes;10;58;62;120
271;male;540;yes;10;21;21;42
272;male;40;yes;10;60;71;131
273;male;40;no;10;0;0;0
274;female;15;no;10;20;28;48
275;female;4500;no;10;0;4;4
276;male;15;no;10;44;46;90
277;male;52;no;10;36;50;86
278;female;54;no;10;30;54;84
279;female;39;no;10;2;3;5
280;male;16;no;10;2;7;9
281;male;280;no;10;14;14;28
282;male;25;no;10;0;9;9
283;female;10;no;10;4;6;10
284;female;70;no;10;70;100;170
285;male;10;no;10;11;17;28
286;male;30;no;10;0;7;7
287;female;10;no;10;0;4;4
288;male;180;yes;10;57;94;151
289;male;180;yes;10;27;35;62
290;male;180;no;10;8;16;24
291;male;30;no;10;56;60;116
292;male;30;no;10;14;36;50
293;male;150;no;10;2;2;4
294;male;150;no;10;60;104;164
295;male;150;no;10;23;31;54
296;male;120;no;10;2;9;11
297;male;120;no;10;0;14;14
298;male;10;no;10;22;25;47
299;male;40;no;10;96;98;194
300;male;4;no;10;58;62;120
301;male;4;no;10;38;41;79
302;male;4;yes;10;10;12;22
303;male;4;no;10;4;4;8
304;female;3;no;10;26;51;77
305;female;3;no;10;6;25;31
306;female;20;no;10;4;16;20
307;female;20;no;10;4;6;10
308;male;60;no;10;33;38;71
309;male;5;no;10;10;10;20
310;male;4;no;10;81;114;195
311;male;2500;yes;10;11;29;40
312;male;300;no;10;18;19;37
313;female;6;no;10;73;95;168
314;male;6;no;10;75;85;160
315;female;6;no;10;2;5;7
316;female;6;no;10;24;36;60
317;female;6;no;10;30;38;68
318;male;6;no;10;0;0;0
319;male;30;yes;10;80;119;199
320;male;10;no;10;1;5;6
321;male;10;no;10;2;20;22
322;male;10;yes;10;60;83;143
323;male;15;no;10;4;7;11
324;male;15;no;10;14;25;39
325;male;15;no;10;94;125;219
326;male;20;no;10;18;22;40
327;male;20;no;10;24;39;63
328;male;20;no;10;8;23;31
329;male;20;no;10;2;5;7
330;male;140;no;10;12;17;29
331;male;4;no;10;10;21;31
332;male;4;no;10;24;32;56
333;female;4;no;10;6;18;24
334;male;100;no;10;0;13;13
335;female;40;no;10;0;9;9
336;male;150;no;10;40;51;91
337;male;150;no;10;25;53;78
338;male;370;no;10;10;26;36
339;female;90;no;10;46;53;99
340;female;60;no;10;6;14;20
341;female;15;no;10;8;19;27
342;male;100;yes;10;29;49;78
343;male;240;no;10;61;66;127
344;male;240;no;10;2;3;5
345;female;15;no;10;29;46;75
346;male;3400;no;10;42;47;89
347;male;45;yes;10;28;63;91
348;male;29;no;10;11;15;26
349;male;2500;no;10;45;57;102
350;male;16;no;10;62;74;136
351;male;3000;no;10;34;52;86
352;male;40;yes;10;99;109;208
353;male;40;no;10;67;73;140
354;female;40;no;10;94;94;188
355;female;40;yes;10;49;49;98
356;male;900;yes;10;36;49;85
357;male;900;no;10;39;40;79
358;female;90;no;10;2;3;5
359;male;70;no;10;46;61;107
360;male;70;no;10;338;346;684
361;female;80;no;10;8;13;21
362;male;84;no;10;38;38;76
363;male;520;no;10;21;27;48
364;male;35;no;10;20;25;45
365;female;24;no;10;11;11;22
366;female;4;no;10;10;12;22
367;female;5;yes;10;6;10;16
368;male;80;no;10;24;25;49
369;male;66;no;10;131;150;281
370;male;66;no;10;0;2;2
371;male;10;no;10;6;15;21
372;male;480;no;10;22;27;49
373;female;4;no;10;63;77;140
374;male;10;no;10;22;26;48
375;male;20;no;10;16;29;45
376;female;11;yes;10;2;7;9
377;male;240;no;10;123;132;255
378;male;11;no;10;0;8;8
379;male;180;no;10;48;53;101
380;female;80;no;10;76;79;155
381;male;30;no;10;6;7;13
382;male;140;yes;10;61;68;129
383;male;60;no;10;84;112;196
384;male;120;no;10;35;50;85
385;male;30;no;10;45;51;96
386;male;30;no;10;10;16;26
387;male;60;yes;10;0;4;4
388;male;20;yes;10;0;0;0
389;male;56;no;10;11;15;26
390;male;300;yes;10;50;58;108
391;male;20;no;10;8;11;19
392;male;25;no;10;0;0;0
393;female;15;no;10;2;18;20
394;male;64;no;10;86;126;212
395;female;4;no;10;23;53;76
396;male;30;no;10;1;1;2
397;male;30;no;10;0;8;8
398;male;210;no;10;26;58;84
399;female;100;no;40;NA;NA;27
400;male;121;no;40;NA;NA;7
401;male;98;yes;40;NA;NA;31
402;female;60;no;40;NA;NA;34
403;male;150;yes;40;NA;NA;31
404;female;54;yes;40;NA;NA;22
405;female;942;yes;40;NA;NA;18
406;male;450;no;40;NA;NA;9
407;male;64;no;40;NA;NA;5
408;male;8;yes;40;NA;NA;14
409;male;4;no;40;NA;NA;16
410;male;24;no;40;NA;NA;12
411;male;10;no;40;NA;NA;13
412;male;280;yes;40;NA;NA;18
413;female;21;no;40;NA;NA;12
414;female;1023;no;40;NA;NA;73
415;male;50;no;40;NA;NA;21
416;female;151;yes;40;NA;NA;22
417;male;428;no;40;NA;NA;15
418;male;20;no;40;NA;NA;14
419;male;42;yes;40;NA;NA;23
420;male;8;no;40;NA;NA;5
421;male;130;yes;40;NA;NA;10
422;male;608;no;40;NA;NA;14
423;male;2;yes;40;NA;NA;54
424;male;543;no;40;NA;NA;6
425;male;10;no;40;NA;NA;31
426;female;130;no;40;NA;NA;11
427;female;27;no;40;NA;NA;26
428;female;122;no;40;NA;NA;28
429;female;10;no;40;NA;NA;30
430;female;260;no;40;NA;NA;23
431;male;1573;no;40;NA;NA;4
432;male;36;no;40;NA;NA;9
433;female;20;no;40;NA;NA;13
434;female;302;no;40;NA;NA;37
435;male;54;no;40;NA;NA;26
436;male;430;no;40;NA;NA;4
437;male;1118;no;40;NA;NA;64
438;female;42;no;40;NA;NA;18
439;male;192;no;40;NA;NA;7
440;male;21;no;40;NA;NA;4
441;female;8;no;40;NA;NA;3
442;male;10;no;40;NA;NA;0
443;female;144;no;40;NA;NA;5
444;female;25;yes;40;NA;NA;9
445;male;1789;no;40;NA;NA;22
446;male;20;no;40;NA;NA;16
447;male;2;no;40;NA;NA;18
448;male;57;no;40;NA;NA;62
449;female;12;no;40;NA;NA;5
450;male;30;no;40;NA;NA;7
451;male;12;no;40;NA;NA;23
452;male;160;no;40;NA;NA;14
453;male;7;no;40;NA;NA;15
454;male;24;no;40;NA;NA;15
455;female;167;no;40;NA;NA;38
456;male;35;no;40;NA;NA;19
457;male;8;no;40;NA;NA;17
458;female;8;no;40;NA;NA;18
459;male;1156;no;40;NA;NA;7
460;female;114;no;40;NA;NA;8
461;male;130;no;40;NA;NA;16
462;female;15;no;40;NA;NA;11
463;female;14;no;40;NA;NA;6
464;male;10;no;40;NA;NA;23
465;female;18;no;40;NA;NA;11
466;male;22;no;40;NA;NA;31
467;female;7;no;40;NA;NA;21
468;male;8;no;40;NA;NA;18
469;female;1234;no;40;NA;NA;0
470;female;21;no;40;NA;NA;4
471;male;4;no;40;NA;NA;3
472;female;140;no;40;NA;NA;6
473;male;11;no;40;NA;NA;8
474;female;37;no;40;NA;NA;2
475;female;8;no;40;NA;NA;26
476;female;14;no;40;NA;NA;8
477;male;3;no;40;NA;NA;3
478;female;141;no;40;NA;NA;11
479;male;1109;no;40;NA;NA;3
480;male;306;yes;40;NA;NA;17
481;female;66;no;40;NA;NA;15
482;female;24;no;10;2;1;3
483;female;600;yes;10;12;0;12
484;male;605;yes;10;3;0;3
485;female;43;yes;10;3;0;3
486;male;40;yes;10;2;0;2
487;male;65;no;10;2;1;3
488;female;300;no;10;15;0;15
489;female;20;no;10;5;2;7
490;male;150;no;10;2;0;2
491;male;120;yes;10;4;0;4
492;male;39;yes;10;9;0;9
493;male;55;yes;10;6;1;7
494;female;17;no;10;16;3;19
495;male;20;no;10;12;1;13
496;female;8;no;10;7;0;7
497;male;35;yes;10;1;0;1
498;female;15;no;10;3;0;3
499;male;17;no;10;1;0;1
500;male;10;yes;10;13;0;13
501;female;17;no;10;3;1;4
502;male;26;yes;10;1;0;1
503;male;17;no;10;6;1;7
504;male;21;yes;10;10;0;10
505;female;74;no;10;0;0;0
506;female;36;no;10;0;0;0
507;male;30;yes;10;5;0;5
508;female;30;no;10;3;0;3
509;male;300;yes;10;3;0;3
510;male;15;yes;10;12;1;13
511;male;4500;no;10;0;0;0
512;female;35;no;10;8;0;8
513;female;470;no;10;2;0;2
514;male;180;yes;10;4;0;4
515;female;50;no;10;12;0;12
516;male;70;no;10;7;0;7
517;male;123;no;10;13;0;13
518;female;15;no;10;29;0;29
519;male;172;no;10;0;0;0
520;male;120;no;10;1;1;2
521;male;30;yes;10;10;1;11
522;female;30;yes;10;4;0;4
523;male;80;no;10;4;0;4
524;male;12;no;10;2;0;2
525;male;NA;no;10;2;1;3
526;female;NA;no;10;12;0;12
527;male;151;no;10;7;3;10
528;male;151;no;10;4;0;4
529;male;151;no;10;7;2;9
530;male;151;no;10;2;0;2
531;male;151;no;10;1;0;1
532;male;151;no;10;3;0;3
533;male;151;no;10;5;1;6
534;male;151;no;10;12;0;12
535;female;10;yes;29;0;0;0
536;male;6;yes;29;1;13;18
537;male;20;no;30;0;6;6
538;male;6;no;30;0;0;0
539;male;30;yes;37;0;10;10
540;male;52;yes;30;3;17;23
541;male;52;yes;30;0;3;3
542;male;110;yes;30;2;4;8
543;male;5;no;30;0;9;10
544;male;16;yes;30;6;9;16
545;male;100;yes;30;8;7;18
546;male;40;yes;30;3;9;18
547;female;60;no;30;0;1;1
548;female;8;yes;30;0;5;6
549;female;8;no;30;2;3;11
550;male;45;no;30;0;5;8
551;female;9;yes;24;1;4;6
552;male;200;yes;24;0;1;1
553;female;700;yes;24;0;4;4
554;male;45;no;24;0;2;2
555;male;500;no;24;0;5;5
556;male;1000;no;30;0;23;23
557;male;30;yes;30;2;36;47
558;male;80;no;37;0;4;4
559;male;50;yes;30;0;3;5
560;female;80;no;22;2;17;42
561;male;125;yes;22;2;35;57
562;male;150;no;29;0;0;0
563;male;30;no;25;0;0;0
564;male;20;yes;31;0;1;1
565;female;20;no;31;0;0;0
566;male;40;yes;22;2;48;50
567;male;550;yes;22;0;25;25
568;female;60;no;41;0;4;5
569;male;300;no;41;0;3;5
570;male;650;yes;40;1;0;6
571;male;80;yes;40;0;2;8
572;male;100;yes;23;0;12;24
573;female;140;yes;32;0;6;15
574;female;40;no;32;0;0;0
575;male;30;no;32;0;5;5
576;male;100;no;31;0;2;2
577;male;30;yes;31;0;5;11
578;male;20;yes;40;4;20;24
579;male;44;yes;40;2;19;21
580;male;60;no;60;0;0;0
581;female;60;no;60;0;11;14
582;female;60;no;60;1;8;9
583;female;30;yes;60;0;7;13
584;male;40;no;28;2;9;11
585;male;70;no;28;1;1;2
586;female;90;yes;40;0;8;8
587;male;20;yes;40;0;8;8
588;male;30;yes;39;0;9;15
589;male;90;yes;39;0;6;6
590;female;30;no;35;5;28;33
591;male;60;yes;35;3;20;23
592;male;400;yes;37;0;3;6
593;male;45;no;37;0;21;26
594;male;22;yes;36;3;14;17
595;male;22;no;36;0;3;5
596;female;40;no;37;1;8;9
597;male;40;yes;37;0;9;9
598;male;60;no;33;0;6;6
599;male;40;yes;33;0;17;17
600;male;70;yes;57;0;6;7
601;female;60;no;57;0;2;2
602;female;10;yes;46;0;14;24
603;male;20;no;46;5;13;27
604;female;200;no;44;0;18;18
605;female;140;no;38;2;4;12
606;male;50;no;44;0;4;4
607;male;500;yes;44;0;9;9
608;female;250;no;49;0;1;1
609;male;90;yes;49;0;0;0
610;female;90;yes;39;0;5;7
611;male;50;no;39;0;1;1
612;female;50;yes;39;0;6;11
613;male;20;no;60;4;16;29
614;male;20;no;28;0;5;5
615;female;40;yes;28;0;6;6
616;female;55;yes;42;0;3;3
617;female;30;yes;42;1;3;5
618;female;150;yes;35;2;7;9
619;male;300;yes;35;10;18;28
620;female;120;yes;44;1;4;5
621;male;120;yes;44;0;0;0
622;female;80;yes;40;0;9;9
623;female;15;yes;40;0;6;6
624;female;40;no;44;0;4;4
625;female;150;yes;44;1;5;6
626;male;150;yes;31;1;9;10
627;female;40;yes;31;1;8;9
628;female;80;yes;52;1;9;10
629;female;20;yes;52;3;11;14
630;female;20;yes;35;4;17;21
631;male;250;yes;35;2;9;11
632;female;200;yes;36;1;14;15
633;male;300;yes;42;3;14;17
634;female;60;yes;42;0;5;6
635;male;300;yes;54;0;10;10
636;female;100;no;54;0;6;8
637;female;500;no;38;0;0;0
638;female;80;yes;38;0;14;14
639;female;100;yes;25;6;13;19
640;male;150;yes;25;1;6;7
641;male;500;yes;30;3;9;15
642;female;100;yes;30;1;5;6
643;male;300;yes;28;1;13;15
644;female;50;yes;28;0;3;3
645;male;300;yes;33;3;10;13
646;female;100;yes;33;1;7;8
647;female;75;no;38;0;3;5
648;male;4;no;38;0;0;0
649;male;140;no;51;0;0;0
650;female;4;no;51;1;1;2
651;female;1200;yes;28;2;31;33
652;female;4;no;28;0;13;13
653;male;30;no;44;0;3;3
654;male;2;no;44;1;1;2
655;male;155;no;29;0;0;0
656;female;96;no;29;3;6;9
657;male;26;yes;38;0;4;4
658;male;20;yes;38;1;2;5
659;male;50;no;38;0;0;0
660;female;20;no;38;0;0;0
661;male;200;yes;33;0;4;4
662;male;120;no;33;3;5;8
663;female;90;yes;51;2;1;3
664;female;20;no;51;2;3;5
665;male;32;no;37;0;0;0
666;female;25;no;37;0;5;5
667;male;135;yes;40;1;13;14
668;female;20;no;40;0;2;2
669;female;26;yes;43;0;3;3
670;male;20;yes;43;3;25;28
671;male;9;no;35;0;0;0
672;male;120;yes;35;0;5;5
673;male;100;no;37;1;3;4
674;male;10;yes;37;3;5;8
675;male;5;no;44;2;9;11
676;female;30;yes;44;0;1;1
677;male;73;yes;10;0;0;0
678;male;23;no;10;7;0;7
679;male;130;no;10;14;0;14
680;female;1000;yes;10;0;0;0
681;male;100;no;10;6;0;6
682;female;20;no;10;9;1;10
683;female;15;no;10;1;0;1
684;male;17;no;10;3;0;3
685;male;6;no;10;8;0;8
686;male;45;yes;10;15;3;18
687;female;14;no;10;8;2;10
688;male;64;no;10;4;15;19
689;female;500;yes;10;0;0;0
690;male;450;yes;10;0;3;3
691;male;710;no;10;0;3;3
692;male;445;yes;10;1;5;6
693;female;93;no;10;14;5;19
694;male;167;yes;10;5;2;7
695;female;368;yes;10;1;7;8
696;male;752;yes;10;1;0;1
697;female;1400;yes;10;0;2;2
698;female;15;no;10;1;0;1
699;female;11;no;10;12;1;13
700;male;11;no;10;2;0;2
701;male;151;no;10;25;0;25
702;male;101;yes;40;6;1;1
703;male;101;yes;40;3;0;0
704;male;101;yes;40;5;0;0
705;male;25;no;40;12;0;0
706;male;101;yes;40;1;0;0
707;male;25;no;40;1;0;0
708;male;25;no;40;3;0;0
709;female;101;yes;40;15;15;15
710;male;101;no;40;5;0;0
711;male;101;yes;40;2;0;0
712;female;101;yes;40;8;0;0
713;female;101;no;40;3;0;0
714;male;25;no;40;5;0;0
715;male;5;no;40;4;0;0
716;female;5;no;40;6;1;1
717;male;5;no;40;7;4;4
718;male;101;yes;40;20;3;3
719;female;25;no;40;1;0;0
720;male;25;no;40;1;0;0
721;male;100;yes;40;4;0;0
722;male;100;yes;40;4;0;0
723;female;100;yes;40;3;0;0
724;male;100;yes;40;1;0;0
725;male;100;yes;40;2;0;0
726;male;50;yes;40;10;7;7
727;female;10;yes;40;1;0;0
728;male;100;yes;40;1;0;0
729;male;100;yes;40;4;1;1
730;male;100;yes;40;5;0;0
731;female;100;yes;40;2;0;0
732;male;25;no;40;1;0;0
733;female;25;no;40;1;0;0
734;male;100;yes;40;1;0;0
735;female;100;yes;40;2;0;0
736;male;101;no;40;1;0;0
737;male;101;yes;40;1;0;0
738;female;101;yes;40;0;0;0
739;female;101;yes;40;0;0;0
740;male;101;no;40;0;0;0
741;male;101;no;40;5;0;0
742;male;101;yes;40;8;0;0
743;female;101;no;40;1;0;0
744;male;101;yes;40;0;0;0
745;male;101;yes;40;1;0;0
746;female;25;yes;40;6;0;0
747;male;35;no;40;4;0;0
748;female;101;yes;40;19;2;2
749;male;101;yes;40;9;2;2
750;female;101;yes;40;1;0;0
751;female;35;yes;40;1;0;0
752;female;101;yes;40;33;13;13
753;male;101;no;40;6;0;0
754;male;101;yes;40;25;0;0
755;male;101;no;40;7;3;3
756;male;35;no;40;1;0;0
757;female;35;no;40;2;1;1
758;female;35;no;40;4;0;0
759;female;101;yes;40;8;6;6
760;male;35;no;40;10;2;2
761;male;35;no;40;2;0;0
762;male;100;no;40;10;3;3
763;female;4;no;40;6;0;0
764;male;101;yes;40;7;0;0
765;male;101;yes;40;2;2;2
766;female;25;yes;40;2;0;0
767;male;25;yes;40;0;0;0
768;male;25;yes;40;1;0;0
769;male;75;yes;40;1;0;0
770;male;101;yes;40;2;1;1
771;male;25;yes;40;9;6;6
772;male;101;yes;40;10;6;6
773;male;75;yes;40;9;7;7
774;female;75;yes;40;5;3;3
775;male;35;NA;40;2;0;0
776;male;25;no;40;0;0;0
777;male;35;no;40;1;0;0
778;female;27;NA;40;2;0;0
779;female;4;yes;40;7;1;1
780;male;75;NA;40;16;4;4
781;male;101;yes;40;8;9;9
782;male;10;no;40;7;5;5
783;male;10;yes;40;8;0;0
784;male;101;yes;40;7;1;1
785;male;101;NA;40;24;2;2
786;female;4;NA;40;4;2;2
787;male;101;yes;40;8;0;0
788;male;10;NA;40;3;0;0
789;male;100;yes;40;14;0;0
790;male;25;no;40;3;0;0
791;male;101;no;40;13;11;11
792;male;101;yes;40;2;0;0
793;female;35;no;40;31;25;25
794;male;35;no;40;6;3;3
795;male;75;no;40;9;0;0
796;male;101;no;40;26;18;18
797;male;75;no;40;2;2;2
798;male;75;yes;40;6;3;3
799;male;75;yes;40;1;0;0
800;male;75;no;40;1;0;0
801;male;101;no;40;2;0;0
802;male;5;no;26;5;104;124
803;male;501;no;31;2;9;11
804;male;10;yes;51;0;4;4
805;male;10;no;51;3;4;7
806;male;110;no;51;0;19;21
807;male;30;yes;51;2;6;6
808;male;50;no;29;1;7;10
809;male;15;no;29;0;0;0
810;female;25;yes;39;0;13;14
811;male;30;no;39;0;1;1
812;male;13;no;36;1;6;9
813;male;14;no;36;0;6;6
814;female;70;yes;41;0;11;11
815;male;14;no;41;0;0;0
816;male;1;no;30;0;11;11
817;male;501;no;31;0;0;0
818;male;10;yes;60;12;30;45
819;female;10;no;48;0;3;4
820;male;12;yes;48;0;15;15
821;male;15;yes;46;1;23;29
822;female;501;no;46;0;13;14
823;male;25;no;46;0;6;6
824;female;2;no;57;10;11;21
825;male;6;yes;57;8;19;30
826;male;8;no;49;0;0;0
827;female;501;yes;49;0;2;2
828;male;220;yes;55;0;0;0
829;male;45;no;55;0;2;2
830;male;501;no;55;2;0;2
831;male;501;no;55;0;0;0
832;male;501;no;36;0;1;1
833;male;4;no;36;0;1;3
834;male;15;no;36;0;1;4
835;female;15;no;37;0;0;1
836;male;15;no;37;0;1;2
837;male;4;yes;37;0;0;0
838;male;30;no;27;0;0;0
839;female;30;yes;59;0;41;41
840;female;5;yes;41;2;39;42
841;female;5;no;41;0;0;0
842;female;5;no;48;0;1;1
843;male;33;yes;48;0;0;0
844;male;6;no;48;0;0;0
845;female;32;no;48;2;0;2
846;female;14;no;45;0;0;0
847;female;30;no;45;0;0;0
848;male;30;no;45;0;0;0
849;male;100;no;60;0;2;2
850;female;20;no;46;0;0;0
851;female;20;yes;46;0;26;26
852;female;20;yes;46;4;35;39
853;female;25;no;46;0;27;27
854;male;23;yes;34;0;17;17
855;male;8;yes;34;0;0;0
856;female;50;yes;37;0;17;17
857;male;50;no;37;0;4;4
858;male;300;yes;60;0;44;44
859;male;170;yes;45;0;7;7
860;male;200;no;45;0;0;0
861;female;100;yes;15;0;4;4
862;male;230;no;17;0;0;0
863;male;72;no;14;0;4;4
864;male;500;no;18;0;1;1
865;female;100;yes;16;0;0;0
866;male;36;yes;18;2;7;9
867;male;250;yes;21;1;6;7
868;male;365;yes;10;0;0;0
869;male;120;yes;33;0;4;4
870;female;78;no;10;0;0;0
871;male;140;no;22;0;3;3
872;male;23;no;24;0;5;5
873;male;341;no;22;0;4;4
874;male;170;yes;20;0;5;5
875;male;189;no;28;0;9;9
876;female;60;yes;30;0;2;2
877;male;400;no;19;0;1;1
878;male;600;no;17;0;1;1
879;female;5;no;36;0;20;20
880;male;273;no;31;0;5;5
881;male;NA;no;37;0;18;18
882;male;15;yes;38;0;3;3
883;female;221;yes;6;0;0;0
884;male;120;no;28;0;2;2
885;male;150;no;21;0;2;2
886;female;380;yes;9;0;6;6
887;male;200;yes;17;0;1;1
888;male;149;no;26;0;3;3
889;male;3800;yes;30;0;7;7
890;male;50;yes;37;0;3;3
891;male;550;no;10;0;2;2
892;male;320;no;10;0;1;1
893;male;70;no;18;0;1;1
894;male;8;no;17;0;5;5
895;female;10;no;13;0;2;2
896;male;2;no;16;0;0;0
897;male;5;yes;18;0;2;2
898;male;NA;no;14;0;0;0
899;female;130;no;14;0;3;3
900;male;140;yes;12;0;1;1
901;male;70;yes;15;0;3;3
902;male;9;no;13;0;0;0
903;male;200;yes;15;0;6;6
904;male;50;yes;10;0;0;0
905;male;1000;no;15;0;1;1
906;male;82;yes;32;0;3;3
907;male;90;yes;27;0;1;1
908;male;22;yes;29;0;0;0
909;male;2000;no;11;0;0;0
910;male;1000;no;10;0;0;0
911;male;350;no;13;0;2;2
912;female;500;no;13;0;3;3
913;male;1000;no;21;0;2;2
914;male;100;no;16;0;0;0
915;male;353;no;21;0;0;0
916;male;500;yes;8;0;1;1
917;male;20;yes;8;0;0;0
918;male;100;no;27;0;0;0
919;male;120;no;26;0;2;2
920;female;45;yes;26;0;0;0
921;male;32;no;27;0;0;0
922;male;32;no;12;0;4;4
923;male;100;no;14;1;7;8
924;male;60;no;15;0;0;0
925;male;200;no;13;0;4;4
926;male;160;yes;14;1;4;5
927;male;80;no;17;0;1;1
928;male;10;yes;29;0;0;0
929;male;40;yes;28;0;0;0
930;male;8;yes;28;0;5;5
931;female;103;no;20;0;0;0
932;male;200;yes;17;0;0;0
933;male;78;yes;28;0;0;0
934;male;405;no;20;1;1;2
935;female;102;yes;20;1;2;3
936;female;120;yes;29;1;1;2
937;female;280;no;17;0;0;0
938;female;500;no;12;0;3;3
939;male;98;yes;19;0;0;0
940;male;1000;no;14;1;3;4
941;male;750;yes;19;0;1;1
942;female;42;no;18;0;1;1
943;female;51;yes;19;0;1;1
944;male;20;yes;23;0;3;3
945;male;2000;yes;24;0;8;8
946;male;300;yes;18;0;11;11
947;male;10;yes;21;0;0;0
948;female;54;yes;23;0;0;0
949;male;180;no;25;0;0;0
950;male;400;no;18;0;0;0
951;male;190;no;26;0;0;0
952;male;300;no;16;0;0;0
953;male;400;no;20;1;2;3
954;male;800;no;22;3;8;11
955;male;700;no;13;0;4;4
956;male;800;no;25;0;3;3
957;male;5000;no;14;0;3;3
958;female;609;no;23;1;9;10
959;male;92;no;17;0;3;3
960;male;510;no;21;0;2;2
961;male;220;no;16;0;1;1
962;male;42;no;30;0;0;0
963;male;92;yes;30;0;6;6
964;male;1500;no;15;0;1;1
965;male;800;no;8;0;0;0
966;female;825;no;23;0;1;1
967;male;750;no;10;0;3;3
968;male;1700;no;13;0;0;0
969;male;1400;no;11;0;0;0
970;male;NA;no;24;0;0;0
971;male;10;no;13;0;1;1
972;male;30;yes;19;0;0;0
973;female;39;no;23;0;4;4
974;female;9;yes;18;1;3;4
975;male;40;yes;18;0;1;1
976;male;70;no;17;0;9;9
977;male;10;yes;9;0;0;0
978;male;9;yes;18;1;4;5
979;male;200;no;12;0;0;0
980;male;48;no;15;0;2;2
981;female;300;no;10;0;1;1
982;female;49;no;19;0;0;0
983;male;15;no;15;0;0;0
984;male;166;no;19;1;4;5
985;female;560;no;21;0;9;9
986;female;300;no;15;0;0;0
987;male;750;no;8;0;0;0
988;male;50;yes;15;1;1;2
989;male;150;yes;19;0;0;0
990;male;400;no;24;0;1;1
991;male;65;no;8;0;0;0
992;male;43;yes;12;0;1;1
993;male;37;yes;11;0;0;0
994;female;67;no;10;0;0;0
995;female;7;yes;27;0;0;0
996;male;47;yes;10;0;0;0
997;male;17;yes;27;0;0;0
998;male;8;yes;35;0;2;2
999;male;62;yes;37;0;0;0
1000;male;22;yes;32;0;2;2
1001;female;449;no;38;0;5;5
1002;male;889;no;38;0;15;15
1003;male;73;no;29;2;34;36
1004;female;45;yes;23;4;11;15
1005;female;10;yes;39;0;5;5
1006;male;50;yes;33;0;12;12
1007;male;12;no;12;0;2;2
1008;male;35;yes;18;0;1;1
1009;male;60;yes;22;0;11;11
1010;female;27;yes;21;0;25;25
1011;male;22;no;6;0;3;3
1012;male;70;yes;20;0;0;0
1013;male;8;no;10;0;0;0
1014;female;1;yes;8;0;15;15
1015;male;22;no;7;0;0;0
1016;female;21;yes;14;0;6;6
1017;female;17;yes;13;0;0;0
1018;female;170;yes;12;0;3;3
1019;female;100;yes;12;0;0;0
1020;male;NA;yes;16;0;8;8
1021;male;120;yes;15;0;0;0
1022;female;31;yes;18;0;1;1
1023;male;102;yes;9;0;0;0
1024;male;NA;yes;10;0;1;1
1025;male;100;no;9;0;2;2
1026;female;NA;yes;13;0;0;0
1027;male;70;yes;12;0;0;0
1028;male;12;yes;10;0;1;1
1029;female;50;yes;7;0;0;0
1030;male;40;yes;18;0;14;14
1031;female;80;yes;9;0;10;10
1032;female;43;no;14;0;0;0
1033;male;78;no;11;0;2;2
1034;female;106;yes;15;0;0;0
1035;female;50;yes;10;0;7;7
1036;male;280;no;11;0;10;10
1037;female;70;yes;7;3;4;7
1038;male;8;yes;15;0;13;13
1039;male;300;yes;8;0;0;0
1040;female;300;no;11;0;13;13
1041;male;130;yes;6;0;7;7
1042;male;5;yes;6;0;1;1
1043;male;18;yes;10;0;0;0
1044;female;27;yes;5;0;3;3
1045;female;85;yes;8;0;1;1
1046;male;60;yes;8;0;0;0
1047;male;150;no;10;0;0;0
1048;female;165;no;7;0;1;1
1049;female;51;yes;5;0;0;0
1050;male;55;no;7;0;4;4
1051;male;3500;no;5;0;0;0
1052;male;230;no;6;0;4;4
1053;male;70;yes;5;0;0;0
1054;male;21;yes;10;0;0;0
1055;male;75;no;24;0;50;50
1056;female;12;yes;18;0;6;6
1057;female;9;yes;8;0;0;0
1058;male;250;no;23;0;9;9
1059;male;200;yes;7;0;5;5
1060;male;4;yes;6;0;5;5
1061;female;62;no;28;0;5;5
1062;female;65;yes;25;0;11;11
1063;female;40;yes;24;0;6;6
1064;male;30;no;16;0;2;2
1065;female;787;no;6;0;1;1
1066;male;850;no;14;0;2;2
1067;female;NA;NA;5;0;6;6
1068;male;NA;NA;5;0;2;2
1069;male;NA;NA;5;0;1;1
1070;female;NA;NA;5;0;1;1
1071;female;NA;NA;5;0;0;0
1072;male;NA;NA;5;0;2;2
1073;male;NA;NA;5;0;0;0
1074;female;NA;NA;5;0;0;0
1075;male;NA;NA;5;2;1;3
1076;female;NA;NA;5;0;0;0
1077;male;NA;NA;5;3;2;5
1078;female;NA;NA;5;0;0;0
1079;male;NA;NA;5;0;3;3
1080;male;NA;NA;5;0;0;0
1081;male;NA;NA;5;0;0;0
1082;female;NA;NA;5;0;0;0
1083;male;NA;NA;5;0;0;0
1084;male;NA;NA;5;0;0;0
1085;male;NA;NA;5;0;5;5
1086;male;NA;NA;5;0;0;0
1087;male;NA;NA;5;0;0;0
1088;male;NA;NA;5;0;0;0
1089;female;NA;NA;5;0;0;0
1090;female;NA;NA;5;0;0;0
1091;female;NA;NA;5;0;0;0
1092;female;NA;NA;5;0;0;0
1093;female;NA;NA;5;0;0;0
1094;male;NA;NA;5;0;1;1
1095;male;NA;NA;5;0;0;0
1096;male;NA;NA;5;0;2;2
1097;male;NA;NA;5;0;0;0
1098;male;NA;NA;5;0;0;0
1099;female;NA;NA;5;0;0;0
1100;male;NA;NA;5;0;0;0
1101;male;NA;NA;5;0;0;0
1102;male;NA;NA;5;0;0;0
1103;male;NA;NA;5;0;0;0
1104;female;NA;NA;5;0;0;0
1105;male;NA;NA;5;0;0;0
1106;male;NA;NA;5;0;0;0
1107;male;NA;NA;5;0;0;0
1108;male;NA;NA;5;0;0;0
1109;male;NA;NA;5;0;0;0
1110;male;NA;NA;5;0;0;0
1111;female;NA;NA;5;0;0;0
1112;male;NA;NA;5;2;0;2
1113;male;NA;NA;5;0;0;0
1114;female;NA;NA;5;0;0;0
1115;female;NA;NA;5;0;0;0
1116;female;NA;NA;5;0;0;0
1117;female;NA;NA;5;0;0;0
1118;male;NA;NA;5;0;0;0
1119;male;NA;NA;5;2;3;5
1120;male;NA;NA;5;0;0;0
1121;male;NA;NA;5;0;0;0
1122;female;NA;NA;5;0;0;0
1123;male;NA;NA;5;0;1;1
1124;male;NA;NA;5;1;4;5
1125;female;NA;NA;5;0;0;0
1126;male;NA;NA;5;0;0;0
1127;female;NA;NA;5;0;0;0
1128;female;NA;NA;5;0;0;0
1129;male;NA;NA;5;0;0;0
1130;male;NA;NA;5;4;4;8
1131;male;NA;NA;5;4;4;8
1132;male;NA;NA;5;0;0;0
1133;male;NA;NA;5;3;11;14
1134;male;NA;NA;5;0;1;1
1135;female;NA;NA;5;0;0;0
1136;male;NA;NA;5;0;3;3
1137;male;NA;NA;5;0;0;0
1138;male;NA;NA;5;4;5;9
1139;male;NA;NA;5;3;8;11
1140;female;NA;NA;5;0;4;4
1141;female;NA;NA;5;1;6;7
1142;male;NA;NA;5;4;13;17
1143;female;NA;NA;5;0;0;0
1144;female;NA;NA;5;0;0;0
1145;male;NA;NA;5;1;13;14
1146;female;NA;NA;5;1;5;6
1147;male;NA;NA;5;0;5;5
1148;male;NA;NA;5;0;0;0
1149;male;NA;NA;5;0;3;3
1150;male;NA;NA;5;0;0;0
1151;female;NA;NA;5;0;1;1
1152;male;NA;NA;5;0;0;0
1153;female;NA;NA;5;0;2;2
1154;male;NA;NA;5;0;4;4
1155;male;NA;NA;5;0;4;4
1156;male;NA;NA;5;0;1;1
1157;female;NA;NA;5;0;0;0
1158;female;NA;NA;5;0;0;0
1159;male;NA;NA;5;2;10;12
1160;male;NA;NA;5;0;19;19
1161;female;NA;NA;5;0;0;0
1162;male;NA;NA;5;0;0;0
1163;male;NA;NA;5;3;12;15
1164;male;NA;NA;5;0;0;0
1165;female;NA;NA;5;0;6;6
1166;male;NA;NA;5;4;10;14
1167;female;NA;NA;5;0;3;3
1168;male;NA;NA;5;5;7;12
1169;female;NA;NA;5;0;0;0
1170;male;NA;NA;5;0;2;2
1171;male;NA;NA;5;0;0;0
1172;male;NA;NA;5;0;1;1
1173;female;NA;NA;5;0;2;2
1174;male;15;no;10;0;4;0
1175;male;101;yes;10;0;10;0
1176;female;35;no;10;0;0;0
1177;female;101;yes;10;0;7;0
1178;male;101;no;10;0;5;0
1179;female;15;no;10;0;4;0
1180;female;75;no;10;0;0;0
1181;male;101;yes;10;0;7;0
1182;male;35;no;10;0;0;0
1183;male;15;no;10;0;2;0
1184;male;35;yes;10;0;7;0
1185;male;35;yes;10;0;4;0
1186;female;15;no;10;0;0;0
1187;male;15;yes;10;0;4;0
1188;female;101;yes;10;0;8;0
1189;female;15;no;10;0;10;0
1190;male;15;yes;10;0;21;0
1191;male;15;yes;10;1;15;1
1192;male;15;no;10;0;0;0
1193;male;15;no;10;0;12;0
1194;male;15;no;10;0;7;0
1195;female;15;no;10;0;0;0
1196;male;75;yes;10;0;0;0
1197;male;15;yes;10;0;0;0
1198;male;15;no;10;0;0;0
1199;female;15;yes;10;0;6;0
1200;female;35;yes;10;0;8;0
1201;male;35;no;10;0;0;0
1202;male;15;no;10;0;0;0
1203;male;75;yes;10;0;1;0
1204;female;35;no;10;0;0;0
1205;female;15;no;10;0;0;0
1206;male;15;no;10;0;0;0
1207;female;15;no;10;0;0;0
1208;male;101;no;10;0;0;0
1209;male;15;no;10;0;0;0
1210;female;101;no;10;0;3;0
1211;male;101;no;10;0;2;0
1212;male;101;no;10;0;0;0
1213;male;15;yes;10;0;9;0
1214;female;15;yes;10;0;0;0
1215;male;20;no;42;0;69;69
1216;male;20;no;31;0;0;0
1217;male;60;yes;31;0;0;0
1218;male;22;no;31;0;2;4
1219;male;4;no;40;0;0;0
1220;male;200;no;29;0;28;28
1221;male;4;no;29;0;0;0
1222;male;57;yes;50;0;1;1
1223;female;210;no;50;4;8;12
1224;male;8;no;33;0;0;0
1225;male;11;no;33;2;6;8
1226;female;10;no;33;0;3;3
1227;male;252;yes;50;0;0;0
1228;male;38;no;51;0;3;3
1229;male;15;no;51;0;9;10
1230;male;85;yes;51;0;5;5
1231;male;501;no;51;0;3;3
1232;male;18;no;51;0;2;2
1233;female;50;no;50;1;68;69
1234;male;50;yes;52;0;26;26
1235;female;10;yes;45;0;6;6
1236;male;12;no;45;0;4;4
1237;male;11;yes;45;0;0;0
1238;male;8;yes;45;0;11;11
1239;male;25;no;33;1;10;11
1240;male;18;no;33;0;6;6
1241;male;40;no;33;0;0;0
1242;male;35;no;33;0;1;1
1243;male;501;no;54;0;0;0
1244;male;50;no;45;0;18;18
1245;male;50;yes;45;0;3;3
1246;female;140;no;50;0;2;2
1247;male;50;no;50;0;0;0
1248;male;60;no;50;0;0;0
1249;male;85;no;50;0;8;8
1250;female;110;no;51;0;0;0
1251;male;220;no;51;0;0;0
1252;male;4;no;45;0;0;0
1253;female;4;no;45;0;0;0
1254;male;70;no;45;0;0;0
1255;female;15;no;41;0;2;2
1256;male;15;no;41;0;0;0
1257;male;80;no;41;0;0;0
1258;male;25;no;41;2;6;8
1259;male;501;no;41;0;0;0
1260;male;100;no;40;0;19;19
1261;female;10;no;40;0;7;7
1262;male;25;no;45;0;0;0
1263;male;35;no;45;0;0;0
1264;male;60;no;45;0;0;0
1265;female;30;no;44;0;0;0
1266;female;8;yes;44;0;3;3
1267;male;70;no;44;0;3;3
1268;male;10;no;42;0;5;5
1269;female;18;yes;42;0;1;1
1270;male;60;no;42;0;4;4
1271;male;30;no;42;0;0;0
1272;male;50;no;60;0;0;0
1273;male;501;yes;40;0;2;2
1274;female;10;no;40;0;0;0
1275;male;80;no;40;0;0;0
1276;male;501;yes;53;4;5;9
1277;female;8;no;53;0;4;4
1278;male;253;no;51;0;0;0
1279;male;20;yes;41;0;0;0
1280;female;19;no;45;0;6;6
1281;male;16;no;45;0;3;3
1282;male;15;yes;45;0;0;0
1283;male;12;yes;45;0;10;10
1284;male;29;no;37;1;10;11
1285;male;22;no;33;0;6;6
1286;male;44;no;33;0;0;0
1287;male;39;no;33;0;1;1
1288;male;500;no;54;0;0;0
1289;male;54;no;45;1;8;9
1290;male;54;yes;45;0;4;4
1291;female;144;no;50;0;0;0
1292;male;54;yes;50;0;0;0
1293;male;64;no;50;0;0;0
1294;male;89;no;50;0;6;6
1295;female;114;no;51;0;4;4
1296;male;104;no;53;1;3;4
1297;male;24;yes;41;0;0;0
1298;male;224;yes;51;0;0;0
1299;male;2;no;45;0;0;0
1300;female;2;no;45;0;2;2
1301;male;68;no;45;0;0;0
1302;female;13;no;41;0;3;3
1303;male;13;no;41;0;0;0
1304;male;78;no;41;0;0;0
1305;male;23;no;41;1;8;10
1306;male;500;no;41;0;0;0
1307;male;58;no;40;1;15;18
1308;female;8;no;40;0;4;4
1309;male;23;no;45;0;0;0
1310;male;33;no;45;0;2;2
1311;male;58;no;45;0;0;0
1312;female;28;no;44;0;0;0
1313;female;6;yes;44;0;3;4
1314;male;68;no;44;0;3;3
1315;male;8;no;42;0;5;5
1316;female;16;yes;42;0;2;2
1317;male;58;no;42;1;3;4
1318;male;28;no;42;0;2;3
1319;male;130;yes;14;0;0;0
1320;female;30;yes;14;0;0;0
1321;female;270;no;25;0;10;10
1322;female;40;no;21;0;13;13
1323;male;5;yes;23;0;6;6
1324;male;250;no;10;0;5;5
1325;female;87;yes;25;0;7;7
1326;male;45;yes;24;0;5;5
1327;male;45;yes;29;0;3;3
1328;male;192;no;10;0;0;0
1329;male;200;yes;13;0;7;7
1330;male;217;no;25;0;15;15
1331;male;50;yes;26;1;23;24
1332;male;NA;NA;5;0;3;3
1333;male;NA;NA;5;0;0;0
1334;female;NA;NA;5;0;0;0
1335;male;NA;NA;5;0;1;1
1336;female;NA;NA;5;0;0;0
1337;male;NA;NA;5;0;0;0
1338;male;NA;NA;5;1;6;7
1339;male;NA;NA;5;0;3;3
1340;male;NA;NA;5;0;0;0
1341;female;NA;NA;5;0;0;0
1342;male;NA;NA;5;0;0;0
1343;female;NA;NA;5;0;1;1
1344;male;NA;NA;5;0;6;6
1345;male;NA;NA;5;0;0;0
1346;male;NA;NA;5;0;2;2
1347;female;NA;NA;5;0;0;0
1348;male;NA;NA;5;0;4;4
1349;female;NA;NA;5;0;0;0
1350;male;NA;NA;5;2;3;5
1351;male;NA;NA;5;0;3;3
1352;female;NA;NA;5;0;0;0
1353;male;NA;NA;5;0;1;1
1354;male;NA;NA;5;0;0;0
1355;male;NA;NA;5;2;4;6
1356;female;NA;NA;5;0;2;2
1357;male;NA;NA;5;0;2;2
1358;male;NA;NA;5;1;4;5
1359;female;NA;NA;5;0;0;0
1360;male;NA;NA;5;0;0;0
1361;female;NA;NA;5;0;0;0
1362;male;NA;NA;5;0;2;2
1363;male;NA;NA;5;0;0;0
1364;male;NA;NA;5;1;4;5
1365;female;NA;NA;5;0;0;0
1366;male;NA;NA;5;0;0;0
1367;male;NA;NA;5;0;0;0
1368;female;NA;NA;5;0;1;1
1369;male;NA;NA;5;0;3;3
1370;male;100;no;21;0;1;1
1371;male;2000;yes;14;0;1;1
1372;male;364;yes;18;0;0;0
1373;female;380;no;18;0;18;18
1374;male;150;no;9;0;0;0
1375;male;6;no;9;0;70;70
1376;male;30;yes;15;0;69;69
1377;male;3;yes;10;0;51;51
1378;male;60;no;19;0;13;13
1379;male;15;yes;21;0;12;12
1380;female;20;yes;24;0;0;0
1381;female;58;yes;29;0;0;0
1382;male;275;yes;20;0;1;1
1383;male;810;no;20;0;2;2
1384;female;9;yes;10;0;5;5
1385;female;7;yes;5;0;7;7
1386;male;400;yes;8;0;0;0
1387;male;30;yes;10;0;10;10
1388;female;2000;no;5;0;0;0
1389;male;NA;no;10;9;8;17
1390;female;NA;no;10;13;5;18
1391;male;NA;yes;10;3;4;7
1392;male;NA;yes;10;1;2;3
1393;NA;NA;yes;10;1;0;1
1394;NA;NA;no;10;16;1;17
1395;NA;NA;no;10;8;0;8
1396;NA;NA;yes;10;20;5;25
1397;male;NA;no;10;32;0;32
1398;female;NA;yes;10;5;0;5
1399;male;NA;no;10;25;3;28
1400;female;NA;no;10;33;0;33
1401;female;NA;no;10;5;1;6
1402;male;NA;no;10;5;0;5
1403;male;12;no;10;2;0;2
1404;male;11;yes;10;3;5;8
1405;male;36;yes;10;2;0;2
1406;female;4;no;10;5;3;8
1407;male;500;yes;10;19;0;19
1408;female;50;no;10;11;0;11
1409;male;90;no;10;18;1;19
1410;male;110;yes;10;4;0;4
1411;male;12;yes;10;9;2;11
1412;male;150;no;10;6;0;6
1413;male;12;no;10;7;1;8
1414;female;12;no;10;10;10;20
1415;female;25;yes;10;2;0;2
1416;male;1000;yes;10;7;0;7
1417;male;60;no;10;39;1;40
1418;male;10000;no;10;5;0;5
1419;male;24;yes;10;26;0;26
1420;male;4;no;10;11;0;11
1421;male;200;yes;10;8;2;10
1422;male;20;yes;10;2;0;2
1423;male;16;yes;10;2;0;2
1424;female;12;yes;10;2;2;4
1425;female;11;no;10;9;5;14
1426;male;4;no;10;5;0;5
1427;female;4;no;10;2;3;5
1428;female;4;no;10;19;5;24
1429;male;25;yes;10;1;0;1
1430;male;20;no;10;16;1;17
1431;male;6;yes;10;19;7;26
1432;female;6;yes;10;13;0;13
1433;male;6;yes;10;29;0;29
1434;male;50;yes;10;14;0;14
1435;female;50;yes;10;6;0;6
1436;male;4;yes;10;1;0;1
1437;female;1;no;10;5;0;5
1438;female;250;yes;10;1;0;1
1439;female;1;no;10;5;0;5
1440;male;33;yes;10;1;0;1
1441;male;24;yes;10;5;0;5
1442;female;500;yes;10;5;2;7
1443;male;600;yes;10;6;4;10
1444;male;103;yes;10;0;1;1
1445;male;16;yes;10;1;5;6
1446;male;33;no;10;2;6;8
1447;male;40;yes;10;5;2;7
1448;female;2;no;10;2;0;2
1449;male;100;no;10;1;0;1
1450;female;24;no;10;1;0;1
1451;female;21;yes;10;4;2;6
1452;female;60;yes;10;1;0;1
1453;female;28;yes;10;4;0;4
1454;female;90;yes;10;2;0;2
1455;female;12;yes;10;7;2;9
1456;male;2;yes;10;1;1;2
1457;female;6;yes;10;7;27;34
1458;male;42;yes;10;6;25;31
1459;male;8;no;10;1;15;16
1460;female;6;no;10;0;3;3
1461;male;30;no;10;2;2;4
1462;male;2;no;10;23;0;23
1463;male;19;no;10;14;0;14
1464;male;12;no;10;3;0;3
1465;female;12;no;10;1;4;5
1466;male;4;yes;10;6;2;8
1467;male;640;yes;10;4;3;7
1468;male;23;no;10;3;3;6
1469;male;4;no;10;1;0;1
1470;male;3;yes;10;5;0;5
1471;male;4;no;10;7;4;11
1472;female;2;no;10;10;0;10
1473;female;5;yes;10;53;8;61
1474;female;347;no;10;6;5;11
1475;male;400;yes;10;3;3;6
1476;female;250;yes;10;1;1;2
1477;male;15;yes;10;0;2;2
1478;male;34;yes;10;3;2;5
1479;male;20;yes;10;9;0;9
1480;NA;NA;no;10;1;5;6
1481;male;8;NA;50;NA;2;132
1482;female;8;NA;50;NA;3;145
1483;male;80;NA;50;NA;11;25
1484;male;23;NA;50;NA;7;106
1485;female;45;NA;50;NA;0;14
1486;male;23;NA;50;NA;1;592
1487;male;80;NA;50;NA;5;8
1488;female;8;NA;50;NA;2;160
1489;female;8;NA;50;NA;5;0
1490;male;8;NA;50;NA;3;51
1491;female;8;NA;50;NA;1;9
1492;male;8;NA;50;NA;1;144
1493;female;8;NA;50;NA;2;55
1494;male;8;NA;50;NA;5;60
1495;male;8;NA;50;NA;3;194
1496;male;8;NA;50;NA;11;317
1497;female;8;NA;50;NA;8;188
1498;female;8;NA;50;NA;1;211
1499;male;23;NA;50;NA;2;185
1500;male;45;NA;50;NA;4;67
1501;male;23;NA;50;NA;3;61
1502;male;80;NA;50;NA;5;17
1503;female;80;NA;50;NA;0;4
1504;male;45;NA;50;NA;2;12
1505;female;23;NA;50;NA;2;16
1506;female;8;NA;50;NA;1;78
1507;male;8;NA;50;NA;1;280
1508;male;23;NA;50;NA;1;585
1509;male;23;NA;50;NA;2;65
1510;female;8;NA;50;NA;2;41
1511;male;8;NA;50;NA;2;278
1512;female;8;NA;50;NA;1;0
1513;female;80;NA;50;NA;2;0
1514;male;80;NA;50;NA;4;0
1515;male;8;NA;50;NA;1;0
1516;female;8;NA;50;NA;3;103
1517;male;80;NA;50;NA;1;7
1518;female;80;NA;50;NA;0;108
1519;male;80;NA;50;NA;2;181
1520;male;8;NA;50;NA;1;384
1521;male;8;NA;50;NA;0;123
1522;female;80;NA;50;NA;4;18
1523;male;45;NA;50;NA;3;59
1524;male;45;NA;50;NA;13;59
1525;female;8;NA;50;NA;3;105
1526;male;8;NA;50;NA;3;30
1527;female;8;NA;50;NA;1;38
1528;female;8;NA;50;NA;5;82
1529;female;8;NA;50;NA;1;24
1530;female;8;NA;50;NA;1;14
1531;male;8;NA;50;NA;1;85
1532;male;8;NA;50;NA;6;68
1533;male;8;NA;50;NA;16;125
1534;male;8;NA;50;NA;3;48
1535;male;8;NA;50;NA;3;41
1536;male;8;NA;50;NA;2;73
1537;male;8;NA;50;NA;2;54
1538;male;8;NA;50;NA;2;246
1539;male;8;NA;50;NA;2;22
1540;male;8;NA;50;NA;0;40
1541;male;80;NA;50;NA;0;100
1542;female;80;NA;50;NA;7;76
1543;male;8;NA;50;NA;10;90
1544;male;45;NA;50;NA;1;65
1545;male;80;NA;50;NA;2;6
1546;female;80;NA;50;NA;1;82
1547;female;80;NA;50;NA;3;238
1548;male;80;NA;50;NA;15;468
1549;male;23;NA;50;NA;4;31
1550;male;45;NA;50;NA;NA;37
1551;female;23;NA;50;NA;NA;103
1552;male;80;NA;50;NA;NA;6
1553;male;8;NA;50;NA;NA;6
1554;male;8;NA;50;NA;NA;18
1555;male;23;NA;50;NA;NA;265
1556;male;8;NA;50;NA;NA;2
1557;female;80;NA;50;NA;NA;42
1558;female;80;NA;50;NA;NA;47
1559;male;80;NA;50;NA;NA;73
1560;female;80;NA;50;NA;NA;38
1561;male;8;NA;50;NA;NA;127
1562;male;8;NA;50;NA;NA;88
1563;female;8;NA;50;NA;NA;182
1564;female;80;NA;50;NA;NA;146
1565;male;8;NA;50;NA;NA;29
1566;male;8;NA;50;NA;NA;77
1567;male;80;NA;50;NA;NA;25
1568;female;80;NA;50;NA;NA;58
1569;female;80;NA;50;NA;NA;26
1570;male;8;NA;50;NA;NA;19
1571;male;8;NA;50;NA;NA;125
1572;male;8;NA;50;NA;NA;79
1573;male;8;NA;50;NA;NA;37
1574;female;8;NA;50;NA;NA;4
1575;female;8;NA;50;NA;NA;274
1576;female;8;NA;50;NA;NA;23
1577;female;8;NA;50;NA;NA;48
1578;male;8;NA;50;NA;NA;41
1579;female;8;NA;50;NA;NA;73
1580;female;8;NA;50;NA;NA;54
1581;male;8;NA;50;NA;NA;246
1582;male;100;yes;20;1;5;6
1583;female;83;yes;20;0;1;1
1584;female;13;yes;20;0;0;0
1585;male;175;yes;20;0;2;2
1586;female;128;no;20;0;0;0
1587;female;20;no;20;0;0;0
1588;male;12;yes;20;2;0;2
1589;female;57;yes;20;0;0;0
1590;male;520;no;20;0;7;7
1591;male;142;no;20;1;2;3
1592;female;142;yes;20;0;0;0
1593;male;400;no;20;12;7;19
1594;male;400;yes;20;5;9;14
1595;male;222;no;20;1;1;2
1596;male;100;yes;20;1;7;8
1597;female;400;no;20;0;0;0
1598;female;380;no;20;0;1;1
1599;male;738;no;20;0;0;0
1600;female;752;no;20;0;0;0
1601;male;362;yes;20;29;15;44
1602;female;157;no;20;0;6;6
1603;male;15;no;20;0;0;0
1604;female;11;no;20;0;0;0
1605;male;45;no;20;0;0;0
1606;female;38;no;20;0;0;0
1607;male;65;no;20;0;0;0
1608;female;17;yes;20;2;1;3
1609;female;100;no;20;0;2;2
1610;female;800;yes;20;3;4;7
1611;female;800;no;20;0;0;0
1612;male;36;no;20;0;2;2
1613;male;3500;no;20;2;0;2
1614;female;1200;no;20;2;0;2
1615;female;10;yes;20;0;3;3
1616;male;10;yes;20;0;0;0
1617;male;238;yes;20;0;2;2
1618;female;20;no;20;2;1;3
1619;male;22;yes;20;0;4;4
1620;female;27;no;20;3;0;3
1621;male;400;yes;20;3;2;5
1622;male;73;yes;20;0;2;2
1623;male;150;no;20;0;2;2
1624;male;7;yes;20;0;0;0
1625;female;5;no;20;0;0;0
1626;male;4;yes;20;6;3;9
1627;female;4;no;20;0;0;0
1628;female;63;no;20;0;0;0
1629;female;8;no;20;3;0;3
1630;male;30;yes;20;0;0;0
1631;male;7;no;20;3;1;4
1632;female;12;yes;20;0;0;0
1633;male;8;no;20;0;0;0
1634;female;1450;yes;20;5;7;12
1635;male;14;no;20;0;0;0
1636;female;6;no;20;0;0;0
1637;male;7;no;20;2;0;2
1638;female;4;no;20;1;0;1
1639;male;4;no;20;0;2;2
1640;female;600;yes;20;0;3;3
1641;female;15;no;20;0;0;0
1642;male;24;yes;20;0;0;0
1643;female;50;no;20;0;0;0
1644;male;30;no;20;4;3;7
1645;male;30;no;20;2;0;2
1646;male;1000;no;20;1;2;3
1647;male;10;no;20;0;0;0
1648;female;2;no;20;0;0;0
1649;male;2;yes;10;2;2;4
1650;female;11;no;10;3;3;6
1651;male;7;no;10;0;11;11
1652;male;17;no;10;0;7;7
1653;male;10;no;10;1;0;1
1654;male;40;no;10;0;1;1
1655;male;25;no;10;5;5;10
1656;male;201;yes;10;1;2;3
1657;female;30;no;10;0;5;5
1658;female;25;yes;10;0;3;3
1659;female;12;yes;10;2;1;3
1660;male;90;no;10;0;1;1
1661;male;8;no;10;0;2;2
1662;female;43;no;10;0;5;5
1663;male;12;no;10;0;3;3
1664;male;17;yes;10;0;11;11
1665;male;15;yes;10;0;8;8
1666;male;25;no;10;2;1;3
1667;male;2;yes;10;0;2;2
1668;male;45;yes;10;0;4;4
1669;male;14;no;10;0;3;3
1670;male;55;no;10;4;5;9
1671;male;25;no;10;2;0;2
1672;female;201;yes;10;2;2;4
1673;male;2;yes;10;2;2;4
1674;female;2;yes;10;0;1;1
1675;female;2;no;10;0;1;1
1676;female;40;yes;10;0;1;1
1677;male;500;yes;10;1;2;3
1678;male;11;yes;10;1;2;3
1679;male;32;yes;10;0;2;2
1680;male;8;yes;10;0;1;1
1681;female;NA;yes;10;0;2;2
1682;male;32;yes;10;0;4;4
1683;male;23;yes;10;0;1;1
1684;female;9;no;10;0;3;3
1685;female;16;yes;10;0;1;1
1686;male;301;no;10;1;0;1
1687;male;800;yes;10;2;2;4
1688;male;9;no;10;0;1;1
1689;male;600;no;10;1;0;1
1690;male;101;yes;10;0;4;4
1691;female;2;yes;10;0;3;3
1692;NA;20;no;10;5;13;18
1693;NA;17;no;10;2;3;5
1694;NA;18;no;10;1;3;4
1695;NA;45;yes;10;0;1;1
1696;NA;NA;NA;10;1;5;6
1697;male;NA;NA;10;0;1;1
1698;male;NA;NA;10;0;1;1
1699;male;NA;NA;10;0;1;1
1700;male;NA;NA;10;0;6;6
1701;male;90;yes;10;2;16;18
1702;female;3010;yes;10;0;3;3
1703;male;8;no;10;0;3;3
1704;female;2;yes;10;0;2;2
1705;male;2;yes;10;0;2;2
1706;female;1;yes;10;0;2;2
1707;male;20;yes;10;0;2;2
1708;female;30;no;10;1;0;1
1709;female;6;yes;10;1;0;1
1710;male;NA;yes;10;0;7;7
1711;female;187;yes;10;2;10;12
1712;male;NA;yes;10;1;1;2
1713;male;19;no;10;6;2;8
1714;NA;18;yes;10;1;1;2
1715;NA;25;yes;10;0;3;3
1716;NA;6;yes;10;0;15;15
1717;NA;30;no;10;2;4;6
1718;male;307;yes;10;1;5;6
1719;male;2;yes;20;0;0;0
1720;male;11;yes;20;0;4;4
1721;male;2000;no;20;0;0;0
1722;male;1284;no;20;4;5;9
1723;male;191;no;20;0;2;2
1724;female;37;yes;20;0;0;0
1725;male;39;yes;20;0;0;0
1726;male;30;no;20;0;2;2
1727;male;4;no;20;13;2;15
1728;female;39;no;20;0;0;0
1729;male;37;no;20;0;0;0
1730;male;11;yes;20;5;9;14
1731;female;35;no;20;2;3;5
1732;male;45;no;20;0;3;3
1733;male;133;yes;20;0;0;0
1734;male;100;no;20;0;0;0
1735;male;120;no;20;0;0;0
1736;female;58;no;20;0;0;0
1737;male;28;yes;20;0;0;0
1738;male;21;yes;20;0;0;0
1739;female;4;no;20;0;5;5
1740;male;6;no;20;0;1;1
1741;male;9;no;20;0;1;1
1742;male;6;yes;20;0;0;0
1743;male;30;no;20;3;2;5
1744;male;22;no;20;0;0;0
1745;male;88;yes;20;5;5;10
1746;male;25;yes;20;13;5;18
1747;male;30;no;20;2;0;2
1748;female;7;no;20;5;7;12
1749;male;8;yes;20;0;4;4
1750;female;6;no;20;0;6;6
1751;male;66;no;20;0;3;3
1752;female;60;no;20;0;1;1
1753;female;20;yes;20;0;1;1
1754;male;5;no;20;0;0;0
1755;female;139;no;20;0;0;0
1756;male;131;no;20;3;2;5
1757;female;30;no;20;0;0;0
1758;male;30;no;20;0;3;3
1759;female;15;no;20;2;1;3
1760;male;30;yes;20;0;1;1
1761;female;86;no;20;0;0;0
1762;male;1200;no;20;0;0;0
1763;female;5;no;20;0;0;0
1764;male;500;no;20;0;2;2
1765;male;32;yes;20;0;0;0
1766;female;17;no;20;0;0;0
1767;female;30;yes;20;20;11;31
1768;male;50;no;20;0;0;0
1769;male;500;no;20;0;0;0
1770;female;500;no;20;1;1;2
1771;male;15;no;20;0;1;1
1772;female;4;no;20;3;0;3
1773;female;200;no;20;0;0;0
1774;female;45;yes;20;1;0;1
1775;male;27;no;20;1;0;1
1776;male;20;no;20;1;1;2
1777;male;30;no;20;4;1;5
1778;female;20;no;20;0;0;0
1779;female;15;no;20;0;0;0
1780;female;123;no;20;0;0;0
1781;male;122;no;20;2;0;2
1782;female;2;no;20;0;5;5
1783;male;300;yes;20;0;2;2
1784;male;500;yes;20;1;15;16
1785;male;26;no;20;0;2;2
1786;female;26;yes;20;2;0;2
1787;male;90;yes;20;0;1;1
1788;female;66;no;20;0;1;1
1789;female;228;no;20;3;3;6
1790;male;40;no;20;0;24;24
1791;male;180;no;20;0;2;2
1792;male;16;no;20;0;0;0
1793;male;25;no;20;0;2;2
1794;male;100;no;20;1;4;5
1795;female;50;no;20;0;0;0
1796;male;50;yes;20;0;0;0
1797;female;26;yes;20;3;1;4
1798;male;3;no;20;0;0;0
1799;male;85;yes;20;6;5;11
1800;male;50;yes;20;8;6;14
1801;female;8;yes;20;4;5;9
1802;male;160;yes;20;0;3;3
1803;male;50;no;20;0;0;0
1804;male;124;no;20;0;0;0
1805;male;13;yes;20;4;5;9
1806;female;10;no;20;0;0;0
1807;male;350;yes;20;10;7;17
1808;female;20;no;20;0;1;1
1809;female;NA;no;20;0;4;4
1810;male;6;yes;20;3;0;3
1811;male;6;no;20;0;0;0
1812;male;100;yes;20;23;32;55
1813;male;1200;yes;20;1;3;4
1814;male;250;no;20;0;0;0
1815;male;250;yes;20;0;0;0
1816;female;5;no;20;0;0;0
1817;male;5;no;20;1;2;3
1818;male;100;yes;20;13;14;27
1819;male;240;yes;20;0;0;0
1820;female;33;no;20;0;0;0
1821;male;500;no;20;1;0;1
1822;male;36;no;20;0;0;0
1823;female;480;no;20;0;3;3
1824;male;491;yes;20;0;0;0
1825;male;30;no;20;0;1;1
1826;female;4;no;20;0;0;0
1827;male;20;yes;20;0;1;1
1828;male;10;no;20;0;0;0
1829;female;60;yes;20;0;0;0
1830;female;7;yes;20;0;0;0
1831;female;2;no;20;0;0;0
1832;female;17;yes;20;3;3;6
1833;female;15;yes;20;9;1;10
1834;male;22;no;20;0;0;0
1835;female;22;no;20;0;0;0
1836;male;200;yes;20;0;0;0
1837;female;14;yes;20;0;0;0
1838;male;14;no;9;3;0;3
1839;male;145;no;8;0;0;0
1840;male;53;no;9;0;0;0
1841;female;10;no;10;0;0;0
1842;male;14;no;10;0;0;0
1843;female;14;no;10;0;0;0
1844;male;500;no;10;0;0;0
1845;male;220;no;10;6;9;15
1846;male;200;no;10;7;15;22
1847;male;6;yes;11;2;0;2
1848;female;6;no;5;2;5;7
1849;male;187;no;15;19;23;42
1850;female;187;no;12;0;2;2
1851;male;400;yes;12;2;3;5
1852;female;300;no;8;3;1;4
1853;male;568;yes;12;0;14;14
1854;male;30;no;12;0;0;0
1855;male;6;no;15;25;5;30
1856;female;1;no;5;9;1;10
1857;female;250;no;35;3;1;4
1858;female;300;no;35;0;0;0
1859;male;1000;no;35;0;0;0
1860;male;1000;no;35;2;1;3
1861;male;650;yes;35;11;1;12
1862;male;60;no;41;0;0;0
1863;male;35;no;41;0;0;0
1864;male;50;no;41;0;0;0
1865;female;80;no;41;0;0;0
1866;male;14;no;38;0;0;0
1867;male;22;yes;38;0;4;4
1868;male;120;no;38;0;0;0
1869;male;510;no;38;0;1;1
1870;male;140;no;62;0;0;0
1871;male;25;no;62;0;0;0
1872;male;150;no;62;0;0;0
1873;female;18;no;62;0;0;0
1874;male;225;yes;48;0;0;0
1875;male;30;no;48;0;0;0
1876;female;22;no;48;0;0;0
1877;female;41;no;48;0;0;0
1878;female;5;yes;65;0;0;0
1879;female;5;yes;65;0;1;1
1880;male;40;no;65;0;1;1
1881;female;50;yes;70;0;0;0
1882;male;510;no;59;0;0;0
1883;female;45;no;59;0;0;0
1884;female;20;no;59;0;0;0
1885;female;80;no;59;0;0;0
1886;female;50;no;50;0;0;0
1887;female;40;no;50;0;0;0
1888;female;40;no;50;0;0;0
1889;male;45;no;50;0;0;0
1890;female;20;no;50;0;0;0
1891;male;45;no;60;0;0;0
1892;female;40;no;60;0;0;0
1893;female;50;no;60;0;0;0
1894;male;6;no;55;0;0;0
1895;male;20;no;55;0;13;13
1896;male;300;yes;55;0;0;0
1897;male;50;yes;55;0;1;1
1898;male;40;yes;60;0;35;35
1899;male;80;no;60;1;7;8
1900;male;80;no;60;0;0;0
1901;male;7;no;55;0;0;0
1902;male;10;no;55;0;1;1
1903;male;45;no;55;0;0;0
1904;male;2000;yes;60;0;0;0
1905;male;20;no;60;0;0;0
1906;male;15;no;60;0;0;0
1907;male;60;no;43;0;0;0
1908;female;20;no;43;0;0;0
1909;male;200;no;43;0;0;0
1910;male;150;no;43;0;0;0
1911;male;3000;no;43;0;0;0
1912;female;2;no;43;0;2;2
1913;male;6;no;43;0;0;0
1914;male;7;no;43;0;0;0
1915;male;800;no;61;0;0;0
1916;male;100;no;61;0;0;0
1917;male;100;yes;61;0;0;0
1918;male;50;no;61;0;0;0
1919;female;20;no;62;0;0;0
1920;male;20;no;62;0;0;0
1921;female;40;no;62;0;1;1
1922;female;68;no;62;0;0;0
1923;female;20;no;62;0;0;0
1924;male;20;no;62;0;0;0
1925;female;20;no;62;0;0;0
1926;male;100;no;62;0;0;0
1927;female;20;no;43;0;0;0
1928;male;20;no;43;0;0;0
1929;female;40;no;43;0;1;1
1930;female;68;no;43;3;0;3
1931;female;20;no;43;0;0;0
1932;male;20;no;43;0;0;0
1933;female;20;no;43;0;0;0
1934;male;100;no;43;0;0;0
1935;male;20;yes;42;0;0;0
1936;female;6;no;42;0;0;0
1937;female;280;yes;42;0;0;0
1938;female;67;no;42;0;0;0
1939;male;200;no;63;0;0;0
1940;female;45;no;63;0;0;0
1941;female;20;no;63;0;0;0
1942;female;80;no;63;0;0;0
1943;male;35;no;58;0;0;0
1944;male;110;no;58;0;0;0
1945;female;8;yes;58;0;0;0
1946;male;18;no;58;0;1;1
1947;male;25;yes;49;0;0;0
1948;female;60;yes;49;0;2;2
1949;female;40;no;49;0;0;0
1950;male;120;yes;49;0;0;0
1951;male;10;no;57;0;0;0
1952;male;32;no;57;0;0;0
1953;male;170;yes;57;0;0;0
1954;male;120;no;57;0;0;0
1955;male;32;no;43;0;1;1
1956;male;220;yes;43;0;0;0
1957;female;45;no;43;0;0;0
1958;female;35;yes;43;0;0;0
1959;male;70;no;45;0;2;2
1960;male;11;no;45;0;1;1
1961;female;28;yes;45;0;0;0
1962;female;40;no;45;0;0;0
1963;male;8;no;47;0;1;1
1964;female;18;no;56;0;1;2
1965;male;120;yes;56;0;0;0
1966;male;100;no;50;0;1;1
1967;male;100;no;50;0;0;0
1968;male;100;no;50;0;0;0
1969;female;100;no;50;0;1;1
1970;male;5;no;50;0;0;0
1971;female;7;no;50;0;0;0
1972;male;6;no;50;0;0;0
1973;female;6;no;50;0;0;0
1974;female;30;no;53;0;3;3
1975;male;20;no;53;0;0;0
1976;male;50;no;53;0;1;1
1977;male;100;no;53;0;0;0
1978;male;200;yes;55;0;0;0
1979;male;120;yes;55;0;0;0
1980;male;90;yes;55;0;0;0
1981;female;50;yes;55;0;0;0
1982;male;75;yes;48;0;0;0
1983;female;90;yes;48;0;0;0
1984;female;25;no;48;0;0;0
1985;male;60;no;48;0;0;0
1986;male;70;yes;45;0;0;0
1987;male;120;yes;55;0;0;0
1988;male;90;yes;55;0;0;0
1989;female;80;yes;55;0;0;0
1990;male;25;yes;48;0;0;0
1991;male;60;yes;48;0;0;0
1992;male;30;yes;48;0;0;0
1993;male;100;yes;48;0;0;0
1994;female;100;yes;50;0;0;0
1995;female;20;no;50;0;0;0
1996;female;20;no;50;0;0;0
1997;male;100;no;50;0;0;0
1998;female;40;yes;55;0;0;0
1999;female;60;yes;55;0;0;0
2000;female;70;yes;55;0;0;0
2001;male;50;yes;55;0;0;0
2002;female;34;no;49;0;2;2
2003;male;3780;yes;49;0;2;2
2004;male;300;yes;49;0;0;0
2005;female;80;no;49;0;0;0
2006;male;8;yes;35;0;1;1
2007;male;12;no;35;0;0;0
2008;male;208;no;45;0;2;3
2009;male;40;no;45;0;0;0
2010;male;4;no;72;0;0;0
2011;male;15;yes;72;0;0;0
2012;female;27;no;72;0;0;0
2013;female;4;no;72;0;1;1
2014;male;120;no;33;0;0;0
2015;male;23;yes;33;0;0;0
2016;male;55;yes;33;0;0;0
2017;male;26;no;33;0;0;0
2018;male;27;no;40;0;1;1
2019;male;12;no;40;0;0;0
2020;male;15;yes;49;0;1;1
2021;male;800;no;49;0;1;1
2022;male;4;yes;30;0;0;0
2023;male;2;no;30;0;1;1
2024;male;4;no;52;0;0;0
2025;female;57;no;52;0;0;0
2026;male;107;yes;52;0;0;0
2027;male;30;no;50;0;1;1
2028;male;60;no;50;0;0;0
2029;male;50;no;40;0;0;0
2030;male;8;yes;40;0;0;0
2031;male;1200;yes;36;0;2;2
2032;male;20;no;36;0;24;24
2033;female;26;no;52;0;0;0
2034;male;3;no;24;1;3;4
2035;male;800;no;49;0;0;0
2036;female;120;no;49;0;0;0
2037;female;60;no;49;0;0;0
2038;male;750;yes;49;0;0;0
2039;male;12;no;63;0;0;0
2040;female;20;no;63;0;0;0
2041;male;45;no;63;0;0;0
2042;female;30;no;63;0;0;0
2043;male;30;yes;45;0;0;0
2044;male;5000;no;55;0;0;0
2045;male;35;yes;55;0;0;0
2046;male;120;yes;55;0;0;0
2047;female;7;no;56;0;3;3
2048;female;104;no;56;0;0;0
2049;male;113;no;56;0;0;0
2050;male;60;yes;56;0;0;0
2051;male;15;no;35;0;0;0
2052;male;42;yes;35;0;0;0
2053;female;55;no;35;0;0;0
2054;male;120;no;44;0;0;0
2055;male;30;no;44;0;2;2
2056;male;15;no;34;0;2;2
2057;female;9;no;25;0;0;0
2058;male;120;no;25;0;0;0
2059;male;15;yes;25;0;0;0
2060;male;30;no;38;0;7;7
2061;male;42;no;56;0;1;1
2062;male;15;yes;56;0;2;2
2063;female;22;no;44;0;0;0
2064;male;40;no;38;0;2;2
2065;male;15;yes;38;0;1;1
2066;female;204;yes;38;0;0;0
2067;female;40;no;45;0;0;0
2068;female;40;no;40;0;1;1
2069;male;50;no;40;0;1;1
2070;female;40;no;40;0;0;0
2071;male;40;no;40;0;0;0
2072;male;48;yes;48;0;1;1
2073;female;38;no;48;0;0;0
2074;male;36;no;48;0;0;0
2075;female;36;no;48;0;0;0
2076;female;25;no;55;0;0;0
2077;male;50;yes;56;0;1;1
2078;male;60;yes;56;0;1;1
2079;male;500;yes;56;0;0;0
2080;male;250;yes;60;0;3;3
2081;female;250;no;60;0;0;0
2082;male;48;no;60;0;0;0
2083;male;60;no;55;0;0;0
2084;male;60;no;55;0;0;0
2085;male;60;yes;55;0;0;0
2086;female;120;no;60;0;0;0
2087;male;120;yes;60;0;0;0
2088;male;1200;no;60;0;0;0
2089;male;6;no;30;0;0;0
2090;male;7;yes;30;0;0;0
2091;female;6;no;30;0;0;0
2092;male;6;yes;54;0;0;0
2093;female;6;no;54;0;0;0
2094;male;100;no;54;0;1;1
2095;male;100;no;42;0;1;1
2096;female;6;no;42;0;0;0
2097;male;8;yes;42;0;0;0
2098;male;120;yes;20;0;0;0
2099;female;120;no;20;0;0;0
2100;male;25;no;20;0;0;0
2101;male;2700;no;20;0;2;2
2102;male;1;no;20;0;6;6
2103;male;20;no;20;0;0;0
2104;female;20;no;20;0;3;3
2105;male;21;no;36;0;4;4
2106;female;21;no;36;0;0;0
2107;male;150;yes;36;0;0;0
2108;male;22;no;36;0;0;0
2109;male;3;no;47;0;1;1
2110;male;1200;yes;47;0;0;0
2111;male;150;yes;47;0;0;0
2112;male;14;no;47;0;0;0
2113;female;20;no;47;0;1;1
2114;female;6;no;47;0;1;1
2115;male;14;no;46;0;0;0
2116;female;20;no;46;0;0;0
2117;female;6;no;46;0;0;0
2118;male;150;yes;46;0;0;0
2119;male;1200;yes;46;0;0;0
2120;male;3;no;46;0;0;0
2121;female;20;no;46;0;1;1
2122;male;75;yes;46;0;6;6
2123;male;120;no;46;0;0;0
2124;female;75;no;46;0;0;0
2125;male;20;no;46;0;0;0
2126;male;75;no;46;0;1;1
2127;female;18;no;46;0;2;2
2128;male;120;yes;62;0;2;2
2129;male;120;yes;62;0;0;0
2130;female;20;no;62;0;0;0
2131;female;120;no;62;0;0;0
2132;female;120;no;62;0;0;0
2133;male;18;no;62;0;0;0
2134;female;120;no;53;0;1;1
2135;male;120;no;53;0;0;0
2136;male;75;no;53;0;2;2
2137;male;120;no;57;0;0;0
2138;male;120;no;57;0;0;0
2139;male;52;yes;45;0;0;0
2140;female;1000;no;49;0;0;0
2141;male;240;no;49;0;0;0
2142;female;19;no;45;0;0;0
2143;male;70;yes;45;0;1;1
2144;male;12;no;55;0;0;0
2145;male;6;no;30;0;0;0
2146;male;120;no;43;0;0;0
2147;male;12;no;43;0;0;0
2148;male;10;no;43;0;0;0
2149;male;450;no;68;0;8;8
2150;female;350;no;68;0;3;3
2151;male;250;no;68;0;0;0
2152;female;330;no;68;0;0;0
2153;male;NA;yes;35;7;3;10
2154;male;NA;no;35;0;0;0
2155;male;NA;yes;35;8;1;9
2156;male;NA;no;35;2;0;2
2157;female;1000;no;35;0;0;0
2158;male;1000;no;35;0;0;0
2159;male;1000;no;35;0;0;0
2160;male;25;no;59;0;0;0
2161;female;8;yes;34;0;3;3
2162;male;6;no;34;0;0;0
2163;male;3;no;40;0;4;4
2164;female;8;yes;40;0;1;1
2165;male;6;no;40;0;1;1
2166;male;10;no;48;0;2;2
2167;male;100;no;63;0;3;3
2168;female;10;no;48;0;0;0
2169;male;1200;no;63;0;0;0
2170;male;40;no;45;0;1;1
2171;male;15;yes;45;0;0;0
2172;female;204;yes;45;0;1;1
2173;female;40;no;38;0;0;0
2174;female;15;no;55;0;0;0
2175;female;16;no;55;0;0;0
2176;female;32;no;55;0;0;0
2177;male;20;no;56;0;0;0
2178;male;70;yes;55;0;2;2
2179;male;NA;no;40;4;1;5
2180;male;146;yes;40;1;0;1
2181;male;100;yes;40;0;3;3
2182;NA;750;no;40;0;0;0
2183;male;150;no;40;0;0;0
2184;male;58;no;40;5;2;7
2185;male;650;yes;40;3;8;11
2186;male;100;no;40;1;0;1
2187;NA;NA;no;40;2;0;2
2188;NA;1500;yes;40;1;12;13
2189;male;70;yes;40;0;4;4
2190;female;70;yes;40;0;0;0
2191;male;600;no;40;0;0;0
2192;NA;3800;yes;40;1;18;19
2193;NA;1000;yes;40;5;3;8
2194;female;100;yes;40;5;12;17
2195;male;1000;no;40;2;3;5
2196;male;200;no;40;0;3;3
2197;female;300;no;40;0;0;0
2198;female;500;no;40;0;0;0
2199;male;530;yes;40;13;24;37
2200;female;500;no;40;0;9;9
2201;male;NA;yes;40;4;16;20
2202;male;4;yes;40;3;3;6
2203;male;100;no;40;2;2;4
2204;female;450;yes;40;7;34;41
2205;male;20;yes;40;3;2;5
2206;NA;NA;yes;40;4;4;8
2207;NA;NA;no;40;0;0;0
2208;male;10000;yes;40;4;7;11
2209;male;270;no;40;0;1;1
2210;female;10;yes;40;7;8;15
2211;male;25;no;40;1;4;5
2212;male;56;no;40;0;3;3
2213;female;22;no;40;0;0;0
2214;male;33;no;40;2;6;8
2215;male;31;yes;40;4;6;10
2216;female;7;no;40;2;0;2
2217;male;80;yes;40;6;13;19
2218;male;43;yes;40;1;2;3
2219;female;200;no;40;0;0;0
2220;male;100;no;40;6;1;7
2221;female;150;yes;40;2;2;4
2222;NA;NA;yes;40;1;4;5
2223;male;30;yes;40;2;3;5
2224;female;51;yes;40;3;5;8
2225;female;250;yes;40;5;17;22
2226;male;100;no;40;0;2;2
2227;female;100;no;40;0;1;1
2228;female;200;no;40;0;0;0
2229;female;700;no;40;0;0;0
2230;female;140;no;40;0;0;0
2231;female;3000;no;40;0;0;0
2232;male;5;yes;40;6;5;11
2233;male;128;yes;40;0;4;4
2234;female;12;no;40;0;0;0
2235;male;20;no;40;8;0;8
2236;male;5;no;40;8;0;8
2237;male;250;no;40;3;0;3
2238;NA;NA;no;40;2;0;2
2239;female;5;no;40;5;0;5
2240;female;30;yes;40;0;0;0
2241;male;100;yes;40;1;5;6
2242;male;24;no;40;1;1;2
2243;male;NA;yes;40;15;22;37
2244;male;2000;no;40;0;3;3
2245;male;1000;no;40;0;4;4
2246;male;80;yes;40;5;4;9
2247;male;20;no;40;0;2;2
2248;female;80;no;40;0;2;2
2249;male;37;no;40;0;1;1
2250;male;44;no;40;0;0;0
2251;female;11;no;40;0;5;5
2252;male;11;yes;40;0;5;5
2253;male;12;yes;40;7;8;15
2254;male;26;no;40;0;1;1
2255;male;250;yes;40;2;27;29
2256;female;457;no;40;0;2;2
2257;male;400;no;40;0;1;1
2258;male;4000;yes;40;6;12;18
2259;NA;NA;yes;40;6;2;8
2260;male;5000;yes;40;2;12;14
2261;NA;NA;no;40;0;0;0
2262;NA;NA;no;40;0;2;2
2263;male;30;no;40;5;2;7
2264;male;50;no;40;1;1;2
2265;male;50;no;40;1;0;1
2266;male;100;no;40;0;0;0
2267;male;20;no;40;5;1;6
2268;female;1000;yes;40;3;1;4
2269;male;50;no;40;2;0;2
2270;male;100;no;40;1;0;1
2271;male;1000;yes;40;0;0;0
2272;male;1000;no;40;0;0;0
2273;male;1000;no;40;0;0;0
2274;male;NA;yes;9;0;0;0
2275;female;NA;no;8;0;0;0
2276;male;NA;no;9;0;0;0
2277;female;NA;yes;10;0;0;0
2278;male;NA;no;15;1;0;1
2279;female;NA;no;12;0;0;0
2280;male;NA;yes;12;0;0;0
2281;male;NA;no;8;0;0;0
2282;female;NA;yes;10;0;0;0
2283;male;NA;no;10;0;0;0
2284;male;NA;no;10;0;0;0
2285;male;NA;no;10;0;0;0
2286;male;NA;yes;5;0;0;0
2287;male;NA;no;12;3;0;3
2288;male;NA;no;12;0;0;0
2289;female;NA;yes;10;0;0;0
2290;male;NA;yes;11;0;0;0
2291;male;NA;no;15;0;0;0
2292;male;NA;no;5;0;0;0
2293;male;NA;no;13;5;0;5
2294;male;NA;no;5;0;0;0
2295;male;NA;no;15;0;0;0
2296;female;NA;no;15;0;0;0
2297;male;NA;no;13;0;0;0
2298;female;NA;no;13;0;0;0
2299;male;1000;no;40;0;0;0
2300;male;1000;no;40;0;0;0
2301;male;770;yes;40;7;2;9
2302;male;1000;yes;40;5;0;5
2303;male;1000;yes;40;8;0;8
2304;male;2000;no;40;10;0;10
2305;male;500;no;40;3;0;3
2306;male;60;no;40;4;0;4
2307;male;400;yes;40;7;0;7
2308;male;1000;yes;40;2;0;2
2309;male;250;yes;40;20;1;21
2310;male;600;yes;40;4;0;4
2311;female;NA;yes;40;15;0;15
2312;male;1000;no;40;1;0;1